Sr No,BUILDING,ELEMENT TYPE,Element ID,TYPE,F1,F2,F3,F4,F5,F6,F7,F8,F9,F10,F11,F12,F13,F14,F15,F16,F17,F18,F19,F20,F21,F22,F23,Terrace,Per Building TOTAL 
1,B15,NLW,FNLW - 101,3A,7,,,,,,,,,,,,,,,,,,,,,,,,7
2,B15,NLW,FNLW - 101,4A,6,,,,,,,,,,,,,,,,,,,,,,,,6
3,B15,NLW,FNLW - 101,5A,5,,,,,,,,,,,,,,,,,,,,,,,,5
4,B15,NLW,NLW - 101,3A,,7,7,7,7,7,7,6,7,7,7,6,7,7,7,6,7,7,7,6,7,7,7,,150
5,B15,NLW,NLW - 101,4A,,6,6,6,6,6,6,6,6,6,6,6,6,6,6,6,6,6,6,6,6,6,6,,132
6,B15,NLW,NLW - 101,5A,,5,5,5,5,5,5,4,5,5,5,4,5,5,5,4,5,5,5,4,5,5,5,,106
7,B15,NLW,FNLW - 102,3A,7,,,,,,,,,,,,,,,,,,,,,,,,7
8,B15,NLW,FNLW - 102,4A,6,,,,,,,,,,,,,,,,,,,,,,,,6
9,B15,NLW,FNLW - 102,5A,5,,,,,,,,,,,,,,,,,,,,,,,,5
10,B15,NLW,NLW - 102,3A,,7,7,7,7,7,7,6,7,7,7,6,7,7,7,6,7,7,7,6,7,7,7,,150
11,B15,NLW,NLW - 102,4A,,6,6,6,6,6,6,6,6,6,6,6,6,6,6,6,6,6,6,6,6,6,6,,132
12,B15,NLW,NLW - 102,5A,,5,5,5,5,5,5,4,5,5,5,4,5,5,5,4,5,5,5,4,5,5,5,,106
13,B15,NLW,FNLW - 103,3A,7,,,,,,,,,,,,,,,,,,,,,,,,7
14,B15,NLW,FNLW - 103,4A,6,,,,,,,,,,,,,,,,,,,,,,,,6
15,B15,NLW,FNLW - 103,5A,5,,,,,,,,,,,,,,,,,,,,,,,,5
16,B15,NLW,NLW - 103,3A,,7,7,7,7,7,7,6,7,7,7,6,7,7,7,6,7,7,7,6,7,7,7,,150
17,B15,NLW,NLW - 103,4A,,6,6,6,6,6,6,6,6,6,6,6,6,6,6,6,6,6,6,6,6,6,6,,132
18,B15,NLW,NLW - 103,5A,,5,5,5,5,5,5,4,5,5,5,4,5,5,5,4,5,5,5,4,5,5,5,,106
19,B15,NLW,FNLW - 104,3A,7,,,,,,,,,,,,,,,,,,,,,,,,7
20,B15,NLW,FNLW - 104,4A,6,,,,,,,,,,,,,,,,,,,,,,,,6
21,B15,NLW,FNLW - 104,5A,5,,,,,,,,,,,,,,,,,,,,,,,,5
22,B15,NLW,NLW - 104,3A,,7,7,7,7,7,7,6,7,7,7,6,7,7,7,6,7,7,7,6,7,7,7,,150
23,B15,NLW,NLW - 104,4A,,6,6,6,6,6,6,6,6,6,6,6,6,6,6,6,6,6,6,6,6,6,6,,132
24,B15,NLW,NLW - 104,5A,,5,5,5,5,5,5,4,5,5,5,4,5,5,5,4,5,5,5,4,5,5,5,,106
25,B15,NLW,FNLW - 105,3A,7,,,,,,,,,,,,,,,,,,,,,,,,7
26,B15,NLW,FNLW - 105,4A,6,,,,,,,,,,,,,,,,,,,,,,,,6
27,B15,NLW,FNLW - 105,5A,5,,,,,,,,,,,,,,,,,,,,,,,,5
28,B15,NLW,NLW - 105,3A,,7,7,7,7,7,7,6,7,7,7,6,7,7,7,6,7,7,7,6,7,7,7,,150
29,B15,NLW,NLW - 105,4A,,6,6,6,6,6,6,6,6,6,6,6,6,6,6,6,6,6,6,6,6,6,6,,132
30,B15,NLW,NLW - 105,5A,,5,5,5,5,5,5,4,5,5,5,4,5,5,5,4,5,5,5,4,5,5,5,,106
31,B15,NLW,FNLW - 106,3A,7,,,,,,,,,,,,,,,,,,,,,,,,7
32,B15,NLW,FNLW - 106,4A,6,,,,,,,,,,,,,,,,,,,,,,,,6
33,B15,NLW,FNLW - 106,5A,5,,,,,,,,,,,,,,,,,,,,,,,,5
34,B15,NLW,NLW - 106,3A,,7,7,7,7,7,7,6,7,7,7,6,7,7,7,6,7,7,7,6,7,7,7,,150
35,B15,NLW,NLW - 106,4A,,6,6,6,6,6,6,6,6,6,6,6,6,6,6,6,6,6,6,6,6,6,6,,132
36,B15,NLW,NLW - 106,5A,,5,5,5,5,5,5,4,5,5,5,4,5,5,5,4,5,5,5,4,5,5,5,,106
37,B15,NLW,NLW - 108,5A,1,1,1,1,1,1,1,1,1,1,1,1,1,1,1,1,1,1,1,1,1,1,1,,23
38,B15,NLW,NLW - 108A,5A,1,1,1,1,1,1,1,1,1,1,1,1,1,1,1,1,1,1,1,1,1,1,1,,23
39,B15,NLW,NLW - 109,5A,1,1,1,1,1,1,1,1,1,1,1,1,1,1,1,1,1,1,1,1,1,1,1,,23
40,B15,NLW,NLW - 109A,5A,1,1,1,1,1,1,1,1,1,1,1,1,1,1,1,1,1,1,1,1,1,1,1,,23
41,B15,NLW,NLW - 110,3A,7,7,7,7,7,7,7,6,7,7,7,6,7,7,7,6,7,7,7,6,7,7,7,,157
42,B15,NLW,NLW - 110,4A,6,6,6,6,6,6,6,6,6,6,6,6,6,6,6,6,6,6,6,6,6,6,6,,138
43,B15,NLW,NLW - 110,5A,3,3,3,3,3,3,3,2,3,3,3,2,3,3,3,2,3,3,3,2,3,3,3,,65
44,B15,NLW,NLW - 111,3A,7,7,7,7,7,7,7,6,7,7,7,6,7,7,7,6,7,7,7,6,7,7,7,,157
45,B15,NLW,NLW - 111,4A,6,6,6,6,6,6,6,6,6,6,6,6,6,6,6,6,6,6,6,6,6,6,6,,138
46,B15,NLW,NLW - 111,5A,3,3,3,3,3,3,3,2,3,3,3,2,3,3,3,2,3,3,3,2,3,3,3,,65
47,B15,NLW,NLW - 112,3A,6,6,6,6,6,6,6,4,6,6,6,4,6,6,6,4,6,6,6,4,6,6,6,,130
48,B15,NLW,NLW - 112,4A,5,5,5,5,5,5,5,5,5,5,5,5,5,5,5,5,5,5,5,5,5,5,5,,115
49,B15,NLW,NLW - 112,5A,4,4,4,4,4,4,4,2,4,4,4,2,4,4,4,2,4,4,4,2,4,4,4,,84
50,B15,NLW,RNLW - 112,3A,,,,,,,,1,,,,1,,,,1,,,,1,,,,,4
51,B15,NLW,RNLW - 112,5A,,,,,,,,1,,,,1,,,,1,,,,1,,,,,4
52,B15,NLW,RNLW - 112A,3A,,,,,,,,1,,,,1,,,,1,,,,1,,,,,4
53,B15,NLW,RNLW - 112A,5A,,,,,,,,1,,,,1,,,,1,,,,1,,,,,4
54,B15,NLW,NLW - 113,3A,4,4,4,4,4,4,4,4,4,4,4,4,4,4,4,4,4,4,4,4,4,4,4,,92
55,B15,NLW,NLW - 113,4A,5,5,5,5,5,5,5,5,5,5,5,5,5,5,5,5,5,5,5,5,5,5,5,,115
56,B15,NLW,NLW - 113,5A,2,2,2,2,2,2,2,2,2,2,2,2,2,2,2,2,2,2,2,2,2,2,2,,46
57,B15,NLW,NLW - 114,3A,,10,10,10,10,10,10,10,10,10,10,10,10,10,10,10,10,10,10,10,10,10,10,,220
58,B15,NLW,NLW - 114,4A,,10,10,10,10,10,10,10,10,10,10,10,10,10,10,10,10,10,10,10,10,10,10,,220
59,B15,NLW,NLW - 114,5A,,6,6,6,6,6,6,6,6,6,6,6,6,6,6,6,6,6,6,6,6,6,6,,132
60,B15,NLW,NLW - 117,3A,7,7,7,7,7,7,7,6,7,7,7,6,7,7,7,6,7,7,7,6,7,7,7,,157
61,B15,NLW,NLW - 117,4A,6,6,6,6,6,6,6,6,6,6,6,6,6,6,6,6,6,6,6,6,6,6,6,,138
62,B15,NLW,NLW - 117,5A,5,5,5,5,5,5,5,4,5,5,5,4,5,5,5,4,5,5,5,4,5,5,5,,111
63,B15,NLW,NLW - 117A,3A,7,7,7,7,7,7,7,6,7,7,7,6,7,7,7,6,7,7,7,6,7,7,7,,157
64,B15,NLW,NLW - 117A,4A,6,6,6,6,6,6,6,6,6,6,6,6,6,6,6,6,6,6,6,6,6,6,6,,138
65,B15,NLW,NLW - 117A,5A,5,5,5,5,5,5,5,4,5,5,5,4,5,5,5,4,5,5,5,4,5,5,5,,111
66,B15,NLW,RNLW - 119,3A,,,,,,,,1,,,,1,,,,1,,,,1,,,,,4
67,B15,NLW,RNLW - 119,5A,,,,,,,,1,,,,1,,,,1,,,,1,,,,,4
68,B15,NLW,RNLW - 119A,3A,,,,,,,,1,,,,1,,,,1,,,,1,,,,,4
69,B15,NLW,RNLW - 119A,5A,,,,,,,,1,,,,1,,,,1,,,,1,,,,,4
70,B15,NLW,RNLW - 120,3A,,,,,,,,1,,,,1,,,,1,,,,1,,,,,4
71,B15,NLW,RNLW - 120,5A,,,,,,,,1,,,,1,,,,1,,,,1,,,,,4
72,B15,NLW,RNLW - 121,3A,,,,,,,,1,,,,1,,,,1,,,,1,,,,,4
73,B15,NLW,RNLW - 121,5A,,,,,,,,1,,,,1,,,,1,,,,1,,,,,4
74,B15,NLW,RNLW - 121A,3A,,,,,,,,1,,,,1,,,,1,,,,1,,,,,4
75,B15,NLW,RNLW - 121A,5A,,,,,,,,1,,,,1,,,,1,,,,1,,,,,4
76,B15,NLW,RNLW - 122,3A,,,,,,,,1,,,,1,,,,1,,,,1,,,,,4
77,B15,NLW,RNLW - 122,5A,,,,,,,,1,,,,1,,,,1,,,,1,,,,,4
78,B15,PB,PB - 101,3A,,1,1,1,1,1,1,1,1,1,1,1,1,1,1,1,1,1,1,1,1,1,1,,22
79,B15,PB,PB - 101,4A,,1,1,1,1,1,1,1,1,1,1,1,1,1,1,1,1,1,1,1,1,1,1,,22
80,B15,PB,PB - 101,5A,,1,1,1,1,1,1,1,1,1,1,1,1,1,1,1,1,1,1,1,1,1,1,,22
81,B15,PB,PB - 102,3A,,3,3,3,3,3,3,3,3,3,3,3,3,3,3,3,3,3,3,3,3,3,3,,66
82,B15,PB,PB - 102,4A,,1,1,1,1,1,1,1,1,1,1,1,1,1,1,1,1,1,1,1,1,1,1,,22
83,B15,PB,PB - 102,5A,,3,3,3,3,3,3,3,3,3,3,3,3,3,3,3,3,3,3,3,3,3,3,,66
84,B15,PB,PB - 103,3A,,4,4,4,4,4,4,4,4,4,4,4,4,4,4,4,4,4,4,4,4,4,4,,88
85,B15,PB,PB - 103,4A,,5,5,5,5,5,5,5,5,5,5,5,5,5,5,5,5,5,5,5,5,5,5,,110
86,B15,PB,PB - 103,5A,,2,2,2,2,2,2,2,2,2,2,2,2,2,2,2,2,2,2,2,2,2,2,,44
87,B15,PB,PB - 104,3A,,6,6,6,6,6,6,6,6,6,6,6,6,6,6,6,6,6,6,6,6,6,6,,132
88,B15,PB,PB - 104,4A,,5,5,5,5,5,5,5,5,5,5,5,5,5,5,5,5,5,5,5,5,5,5,,110
89,B15,PB,PB - 104,5A,,4,4,4,4,4,4,4,4,4,4,4,4,4,4,4,4,4,4,4,4,4,4,,88
90,B15,PB,PB - 105,3A,,3,3,3,3,3,3,3,3,3,3,3,3,3,3,3,3,3,3,3,3,3,3,,66
91,B15,PB,PB - 105,4A,,1,1,1,1,1,1,1,1,1,1,1,1,1,1,1,1,1,1,1,1,1,1,,22
92,B15,PB,PB - 105,5A,,3,3,3,3,3,3,3,3,3,3,3,3,3,3,3,3,3,3,3,3,3,3,,66
93,B15,PB,PB - 106,3A,,1,1,1,1,1,1,1,1,1,1,1,1,1,1,1,1,1,1,1,1,1,1,,22
94,B15,PB,PB - 106,4A,,1,1,1,1,1,1,1,1,1,1,1,1,1,1,1,1,1,1,1,1,1,1,,22
95,B15,PB,PB - 106,5A,,1,1,1,1,1,1,1,1,1,1,1,1,1,1,1,1,1,1,1,1,1,1,,22
96,B15,PB,PB - 107,5A,,2,2,2,2,2,2,2,2,2,2,2,2,2,2,2,2,2,2,2,2,2,2,,44
97,B15,PB,TRPB - 101,3A,,,,,,,,,,,,,,,,,,,,,,,,1,1
98,B15,PB,TRPB - 101,4A,,,,,,,,,,,,,,,,,,,,,,,,1,1
99,B15,PB,TRPB - 101,5A,,,,,,,,,,,,,,,,,,,,,,,,1,1
100,B15,PB,TRPB - 102,3A,,,,,,,,,,,,,,,,,,,,,,,,2,2
101,B15,PB,TRPB - 102,4A,,,,,,,,,,,,,,,,,,,,,,,,1,1
102,B15,PB,TRPB - 102,5A,,,,,,,,,,,,,,,,,,,,,,,,2,2
103,B15,PB,TRPB - 102A,3A,,,,,,,,,,,,,,,,,,,,,,,,1,1
104,B15,PB,TRPB - 102A,4A,,,,,,,,,,,,,,,,,,,,,,,,0,0
105,B15,PB,TRPB - 102A,5A,,,,,,,,,,,,,,,,,,,,,,,,1,1
106,B15,PB,TRPB - 103,3A,,,,,,,,,,,,,,,,,,,,,,,,4,4
107,B15,PB,TRPB - 103,4A,,,,,,,,,,,,,,,,,,,,,,,,5,5
108,B15,PB,TRPB - 103,5A,,,,,,,,,,,,,,,,,,,,,,,,2,2
109,B15,PB,TRPB - 104,3A,,,,,,,,,,,,,,,,,,,,,,,,6,6
110,B15,PB,TRPB - 104,4A,,,,,,,,,,,,,,,,,,,,,,,,5,5
111,B15,PB,TRPB - 104,5A,,,,,,,,,,,,,,,,,,,,,,,,4,4
112,B15,PB,TRPB - 105,3A,,,,,,,,,,,,,,,,,,,,,,,,2,2
113,B15,PB,TRPB - 105,4A,,,,,,,,,,,,,,,,,,,,,,,,1,1
114,B15,PB,TRPB - 105,5A,,,,,,,,,,,,,,,,,,,,,,,,2,2
115,B15,PB,TRPB - 105A,3A,,,,,,,,,,,,,,,,,,,,,,,,1,1
116,B15,PB,TRPB - 105A,4A,,,,,,,,,,,,,,,,,,,,,,,,0,0
117,B15,PB,TRPB - 105A,5A,,,,,,,,,,,,,,,,,,,,,,,,1,1
118,B15,PB,TRPB - 106,3A,,,,,,,,,,,,,,,,,,,,,,,,1,1
119,B15,PB,TRPB - 106,4A,,,,,,,,,,,,,,,,,,,,,,,,1,1
120,B15,PB,TRPB - 106,5A,,,,,,,,,,,,,,,,,,,,,,,,1,1
121,B15,PB,TRPB - 107,3A,,,,,,,,,,,,,,,,,,,,,,,,0,0
122,B15,PB,TRPB - 107,4A,,,,,,,,,,,,,,,,,,,,,,,,0,0
123,B15,PB,TRPB - 107,5A,,,,,,,,,,,,,,,,,,,,,,,,2,2
124,B15,PB,TRPB - 108,3A,,,,,,,,,,,,,,,,,,,,,,,,4,4
125,B15,PB,TRPB - 108,4A,,,,,,,,,,,,,,,,,,,,,,,,2,2
126,B15,PB,TRPB - 108,5A,,,,,,,,,,,,,,,,,,,,,,,,4,4
127,B15,PSS,TRPB - 108A,3A,,,,,,,,,,,,,,,,,,,,,,,,6,6
128,B15,PSS,TRPB - 108A,4A,,,,,,,,,,,,,,,,,,,,,,,,8,8
129,B15,PSS,TRPB - 108A,5A,,,,,,,,,,,,,,,,,,,,,,,,2,2
130,B15,PSS,TRPB - 108B,3A,,,,,,,,,,,,,,,,,,,,,,,,4,4
131,B15,PSS,TRPB - 108B,4A,,,,,,,,,,,,,,,,,,,,,,,,2,2
132,B15,PSS,TRPB - 108B,5A,,,,,,,,,,,,,,,,,,,,,,,,4,4
133,B15,PSS,PSS - 101,3A,,1,1,1,1,1,1,1,1,1,1,1,1,1,1,1,1,1,1,1,1,1,1,,22
134,B15,PSS,PSS - 101,4A,,1,1,1,1,1,1,1,1,1,1,1,1,1,1,1,1,1,1,1,1,1,1,,22
135,B15,PSS,PSS - 101,5A,,1,1,1,1,1,1,1,1,1,1,1,1,1,1,1,1,1,1,1,1,1,1,,22
136,B15,PSS,PSS - 101A,3A,,1,1,1,1,1,1,1,1,1,1,1,1,1,1,1,1,1,1,1,1,1,1,,22
137,B15,PSS,PSS - 101A,4A,,1,1,1,1,1,1,1,1,1,1,1,1,1,1,1,1,1,1,1,1,1,1,,22
138,B15,PSS,PSS - 101A,5A,,1,1,1,1,1,1,1,1,1,1,1,1,1,1,1,1,1,1,1,1,1,1,,22
139,B15,PSS,PSS - 102,3A,,4,4,4,4,4,4,4,4,4,4,4,4,4,4,4,4,4,4,4,4,4,4,,88
140,B15,PSS,PSS - 102,4A,,5,5,5,5,5,5,5,5,5,5,5,5,5,5,5,5,5,5,5,5,5,5,,110
141,B15,PSS,PSS - 102,5A,,2,2,2,2,2,2,2,2,2,2,2,2,2,2,2,2,2,2,2,2,2,2,,44
142,B15,PSS,PSS - 103,3A,,6,6,6,6,6,6,6,6,6,6,6,6,6,6,6,6,6,6,6,6,6,6,,132
143,B15,PSS,PSS - 103,4A,,5,5,5,5,5,5,5,5,5,5,5,5,5,5,5,5,5,5,5,5,5,5,,110
144,B15,PSS,PSS - 103,5A,,4,4,4,4,4,4,4,4,4,4,4,4,4,4,4,4,4,4,4,4,4,4,,88
145,B15,PSS,PSS - 104,3A,,3,3,3,3,3,3,3,3,3,3,3,3,3,3,3,3,3,3,3,3,3,3,,66
146,B15,PSS,PSS - 104,4A,,1,1,1,1,1,1,1,1,1,1,1,1,1,1,1,1,1,1,1,1,1,1,,22
147,B15,PSS,PSS - 104,5A,,3,3,3,3,3,3,3,3,3,3,3,3,3,3,3,3,3,3,3,3,3,3,,66
148,B15,PSS,PSS - 104A,3A,,3,3,3,3,3,3,3,3,3,3,3,3,3,3,3,3,3,3,3,3,3,3,,66
149,B15,PSS,PSS - 104A,4A,,1,1,1,1,1,1,1,1,1,1,1,1,1,1,1,1,1,1,1,1,1,1,,22
150,B15,PSS,PSS - 104A,5A,,3,3,3,3,3,3,3,3,3,3,3,3,3,3,3,3,3,3,3,3,3,3,,66
151,B15,PSS,PSS - 105,3A,,0,0,0,0,0,0,0,0,0,0,0,0,0,0,0,0,0,0,0,0,0,0,,0
152,B15,PSS,PSS - 105,4A,,0,0,0,0,0,0,0,0,0,0,0,0,0,0,0,0,0,0,0,0,0,0,,0
153,B15,PSS,PSS - 105,5A,,2,2,2,2,2,2,2,2,2,2,2,2,2,2,2,2,2,2,2,2,2,2,,44
154,B15,PSS,PSS - 108,3A,,2,2,2,2,2,2,2,2,2,2,2,2,2,2,2,2,2,2,2,2,2,2,2,46
155,B15,PSS,PSS - 117,3A,,1,1,1,1,1,1,1,1,1,1,1,1,1,1,1,1,1,1,1,1,1,1,,22
156,B15,PSS,PSS - 117,5A,,1,1,1,1,1,1,1,1,1,1,1,1,1,1,1,1,1,1,1,1,1,1,,22
157,B15,PSS,PSS - 118,3A,,1,1,1,1,1,1,1,1,1,1,1,1,1,1,1,1,1,1,1,1,1,1,1,23
158,B15,PSS,PSS - 118,5A,,1,1,1,1,1,1,1,1,1,1,1,1,1,1,1,1,1,1,1,1,1,1,1,23
159,B15,PSS,PSS - 119,3A,,1,1,1,1,1,1,1,1,1,1,1,1,1,1,1,1,1,1,1,1,1,1,,22
160,B15,PSS,PSS - 119,5A,,1,1,1,1,1,1,1,1,1,1,1,1,1,1,1,1,1,1,1,1,1,1,,22
161,B15,PSS,PSS - 120,3A,,1,1,1,1,1,1,1,1,1,1,1,1,1,1,1,1,1,1,1,1,1,1,1,23
162,B15,PSS,PSS - 120,5A,,1,1,1,1,1,1,1,1,1,1,1,1,1,1,1,1,1,1,1,1,1,1,1,23
163,B15,PSS,PSS - 121,3A,,1,1,1,1,1,1,1,1,1,1,1,1,1,1,1,1,1,1,1,1,1,1,1,23
164,B15,PSS,PSS - 121,5A,,1,1,1,1,1,1,1,1,1,1,1,1,1,1,1,1,1,1,1,1,1,1,1,23
165,B15,PSS,TRPSS - 101,3A,,,,,,,,,,,,,,,,,,,,,,,,2,2
166,B15,PSS,TRPSS - 101,4A,,,,,,,,,,,,,,,,,,,,,,,,2,2
167,B15,PSS,TRPSS - 101,5A,,,,,,,,,,,,,,,,,,,,,,,,2,2
168,B15,PSS,TRPSS - 102,3A,,,,,,,,,,,,,,,,,,,,,,,,2,2
169,B15,PSS,TRPSS - 102,4A,,,,,,,,,,,,,,,,,,,,,,,,2,2
170,B15,PSS,TRPSS - 102,5A,,,,,,,,,,,,,,,,,,,,,,,,2,2
171,B15,PSS,TRPSS - 102A,3A,,,,,,,,,,,,,,,,,,,,,,,,4,4
172,B15,PSS,TRPSS - 102A,4A,,,,,,,,,,,,,,,,,,,,,,,,0,0
173,B15,PSS,TRPSS - 102A,5A,,,,,,,,,,,,,,,,,,,,,,,,4,4
174,B15,PSS,TRPSS - 109,3A,,,,,,,,,,,,,,,,,,,,,,,,0,0
175,B15,PSS,TRPSS - 109,4A,,,,,,,,,,,,,,,,,,,,,,,,0,0
176,B15,PSS,TRPSS - 109,5A,,,,,,,,,,,,,,,,,,,,,,,,2,2
177,B15,PSS,TRPSS - 117,3A,,,,,,,,,,,,,,,,,,,,,,,,1,1
178,B15,PSS,TRPSS - 117,4A,,,,,,,,,,,,,,,,,,,,,,,,0,0
179,B15,PSS,TRPSS - 117,5A,,,,,,,,,,,,,,,,,,,,,,,,1,1
180,B15,PSS,TRPSS - 123,3A,,,,,,,,,,,,,,,,,,,,,,,,1,1
181,B15,PSS,TRPSS - 123,4A,,,,,,,,,,,,,,,,,,,,,,,,0,0
182,B15,PSS,TRPSS - 123,5A,,,,,,,,,,,,,,,,,,,,,,,,1,1
183,B15,PSS,TRPSS - 125,3A,,,,,,,,,,,,,,,,,,,,,,,,1,1
184,B15,PSS,TRPSS - 125,4A,,,,,,,,,,,,,,,,,,,,,,,,0,0
185,B15,PSS,TRPSS - 125,5A,,,,,,,,,,,,,,,,,,,,,,,,1,1
186,B15,PSS,TRPSS - 128,3A,,,,,,,,,,,,,,,,,,,,,,,,7,7
187,B15,PSS,TRPSS - 128,4A,,,,,,,,,,,,,,,,,,,,,,,,6,6
188,B15,PSS,TRPSS - 128,5A,,,,,,,,,,,,,,,,,,,,,,,,5,5
189,B15,PSS,TRPSS - 129,3A,,,,,,,,,,,,,,,,,,,,,,,,7,7
190,B15,PSS,TRPSS - 129,4A,,,,,,,,,,,,,,,,,,,,,,,,6,6
191,B15,PSS,TRPSS - 129,5A,,,,,,,,,,,,,,,,,,,,,,,,5,5
192,B15,PSS,TRPSS - 130,3A,,,,,,,,,,,,,,,,,,,,,,,,6,6
193,B15,PSS,TRPSS - 130,4A,,,,,,,,,,,,,,,,,,,,,,,,8,8
194,B15,PSS,TRPSS - 130,5A,,,,,,,,,,,,,,,,,,,,,,,,2,2
195,B15,PSS,TRPSS - 130A,3A,,,,,,,,,,,,,,,,,,,,,,,,4,4
196,B15,PSS,TRPSS - 130A,4A,,,,,,,,,,,,,,,,,,,,,,,,2,2
197,B15,PSS,TRPSS - 130A,5A,,,,,,,,,,,,,,,,,,,,,,,,4,4
198,B15,PSS,TRPSS - 130B,3A,,,,,,,,,,,,,,,,,,,,,,,,4,4
199,B15,PSS,TRPSS - 130B,4A,,,,,,,,,,,,,,,,,,,,,,,,2,2
200,B15,PSS,TRPSS - 130B,5A,,,,,,,,,,,,,,,,,,,,,,,,4,4
201,B15,PSS,TRPSS - 131,3A,,,,,,,,,,,,,,,,,,,,,,,,4,4
202,B15,PSS,TRPSS - 131,4A,,,,,,,,,,,,,,,,,,,,,,,,5,5
203,B15,PSS,TRPSS - 131,5A,,,,,,,,,,,,,,,,,,,,,,,,2,2
204,B15,PSS,TRPSS - 132,3A,,,,,,,,,,,,,,,,,,,,,,,,0,0
205,B15,PSS,TRPSS - 132,4A,,,,,,,,,,,,,,,,,,,,,,,,3,3
206,B15,PSS,TRPSS - 132,5A,,,,,,,,,,,,,,,,,,,,,,,,1,1
207,B15,PSS,TRPSS - 132A,3A,,,,,,,,,,,,,,,,,,,,,,,,5,5
208,B15,PSS,TRPSS - 132A,4A,,,,,,,,,,,,,,,,,,,,,,,,1,1
209,B15,PSS,TRPSS - 132A,5A,,,,,,,,,,,,,,,,,,,,,,,,2,2
210,B15,PSS,TRPSS - 132B,3A,,,,,,,,,,,,,,,,,,,,,,,,1,1
211,B15,PSS,TRPSS - 132B,4A,,,,,,,,,,,,,,,,,,,,,,,,1,1
212,B15,PSS,TRPSS - 132B,5A,,,,,,,,,,,,,,,,,,,,,,,,1,1
213,B15,PSS,FPW - 114,3A,1,,,,,,,,,,,,,,,,,,,,,,,,1
214,B15,PSS,FPW - 114,5A,1,,,,,,,,,,,,,,,,,,,,,,,,1
215,B15,PSS,FPW - 121,3A,1,,,,,,,,,,,,,,,,,,,,,,,,1
216,B15,PSS,FPW - 121,5A,1,,,,,,,,,,,,,,,,,,,,,,,,1
217,B15,PSS,FPW - 122,3A,1,,,,,,,,,,,,,,,,,,,,,,,,1
218,B15,PSS,FPW - 122,5A,1,,,,,,,,,,,,,,,,,,,,,,,,1
219,B15,PW,LTPW - 101,5A,1,1,1,1,1,1,,,,,,,,,,,,,,,,,,,6
220,B15,PW,MTPW - 101,5A,,,,,,,1,,,,,,,,,,,,,,,,,,1
221,B15,PW,UTPW - 101,5A,,,,,,,,1,1,1,1,1,1,1,1,1,1,1,1,1,1,1,,,15
222,B15,PW,BTPW - 101,5A,,,,,,,,,,,,,,,,,,,,,,,1,,1
223,B15,PW,LTPW - 101A,5A,1,1,1,1,1,1,,,,,,,,,,,,,,,,,,,6
224,B15,PW,MTPW - 101A,5A,,,,,,,1,,,,,,,,,,,,,,,,,,1
225,B15,PW,UTPW - 101A,5A,,,,,,,,1,1,1,1,1,1,1,1,1,1,1,1,1,1,1,,,15
226,B15,PW,BTPW - 101A,5A,,,,,,,,,,,,,,,,,,,,,,,1,,1
227,B15,PW,LTPW - 101B,4A,1,1,1,1,1,1,,,,,,,,,,,,,,,,,,,6
228,B15,PW,MTPW - 101B,4A,,,,,,,1,,,,,,,,,,,,,,,,,,1
229,B15,PW,UTPW - 101B,4A,,,,,,,,1,1,1,1,1,1,1,1,1,1,1,1,1,1,1,,,15
230,B15,PW,BTPW - 101B,4A,,,,,,,,,,,,,,,,,,,,,,,1,,1
231,B15,PW,LTPW - 101C,4A,1,1,1,1,1,1,,,,,,,,,,,,,,,,,,,6
232,B15,PW,MTPW - 101C,4A,,,,,,,1,,,,,,,,,,,,,,,,,,1
233,B15,PW,UTPW - 101C,4A,,,,,,,,1,1,1,1,1,1,1,1,1,1,1,1,1,1,1,,,15
234,B15,PW,BTPW - 101C,4A,,,,,,,,,,,,,,,,,,,,,,,1,,1
235,B15,PW,LTPW - 102,5A,1,1,1,1,1,1,,,,,,,,,,,,,,,,,,,6
236,B15,PW,MTPW - 102,5A,,,,,,,1,,,,,,,,,,,,,,,,,,1
237,B15,PW,UTPW - 102,5A,,,,,,,,1,1,1,1,1,1,1,1,1,1,1,1,1,1,1,,,15
238,B15,PW,BTPW - 102,5A,,,,,,,,,,,,,,,,,,,,,,,1,,1
239,B15,PW,LTPW - 102A,5A,1,1,1,1,1,1,,,,,,,,,,,,,,,,,,,6
240,B15,PW,MTPW - 102A,5A,,,,,,,1,,,,,,,,,,,,,,,,,,1
241,B15,PW,UTPW - 102A,5A,,,,,,,,1,1,1,1,1,1,1,1,1,1,1,1,1,1,1,,,15
242,B15,PW,BTPW - 102A,5A,,,,,,,,,,,,,,,,,,,,,,,1,,1
243,B15,PW,LTPW - 103,5A,1,1,1,1,1,1,,,,,,,,,,,,,,,,,,,6
244,B15,PW,MTPW - 103,5A,,,,,,,1,,,,,,,,,,,,,,,,,,1
245,B15,PW,UTPW - 103,5A,,,,,,,,1,1,1,1,1,1,1,1,1,1,1,1,1,1,1,,,15
246,B15,PW,BTPW - 103,5A,,,,,,,,,,,,,,,,,,,,,,,1,,1
247,B15,PW,LTPW - 103A,5A,1,1,1,1,1,1,,,,,,,,,,,,,,,,,,,6
248,B15,PW,MTPW - 103A,5A,,,,,,,1,,,,,,,,,,,,,,,,,,1
249,B15,PW,UTPW - 103A,5A,,,,,,,,1,1,1,1,1,1,1,1,1,1,1,1,1,1,1,,,15
250,B15,PW,BTPW - 103A,5A,,,,,,,,,,,,,,,,,,,,,,,1,,1
251,B15,PW,LTPW - 111C,3A,1,1,1,1,1,1,,,,,,,,,,,,,,,,,,,6
252,B15,PW,MTPW - 111C,3A,,,,,,,1,,,,,,,,,,,,,,,,,,1
253,B15,PW,UTPW - 111C,3A,,,,,,,,1,1,1,1,1,1,1,1,1,1,1,1,1,1,1,,,15
254,B15,PW,BTPW - 111C,3A,,,,,,,,,,,,,,,,,,,,,,,1,,1
255,B15,PW,LTPW - 111B,3A,1,1,1,1,1,1,,,,,,,,,,,,,,,,,,,6
256,B15,PW,MTPW - 111B,3A,,,,,,,1,,,,,,,,,,,,,,,,,,1
257,B15,PW,UTPW - 111B,3A,,,,,,,,1,1,1,1,1,1,1,1,1,1,1,1,1,1,1,,,15
258,B15,PW,BTPW - 111B,3A,,,,,,,,,,,,,,,,,,,,,,,1,,1
259,B15,PW,PW - 112,3A,1,1,1,1,1,1,1,1,1,1,1,1,1,1,1,1,1,1,1,1,1,1,,,22
260,B15,PW,BTPW - 112,3A,,,,,,,,,,,,,,,,,,,,,,,1,,1
261,B15,PW,LTPW - 113,3A,2,2,2,2,2,2,,,,,,,,,,,,,,,,,,,12
262,B15,PW,LTPW - 113,5A,2,2,2,2,2,2,,,,,,,,,,,,,,,,,,,12
263,B15,PW,MTPW - 113,3A,,,,,,,2,,,,,,,,,,,,,,,,,,2
264,B15,PW,MTPW - 113,5A,,,,,,,2,,,,,,,,,,,,,,,,,,2
265,B15,PW,UTPW - 113,3A,,,,,,,,2,2,2,2,2,2,2,2,2,2,2,2,2,2,2,,,30
266,B15,PW,UTPW - 113,5A,,,,,,,,2,2,2,2,2,2,2,2,2,2,2,2,2,2,2,,,30
267,B15,PW,BTPW - 113,3A,,,,,,,,,,,,,,,,,,,,,,,2,,2
268,B15,PW,BTPW - 113,5A,,,,,,,,,,,,,,,,,,,,,,,2,,2
269,B15,PW,LTPW - 113A,3A,1,1,1,1,1,1,,,,,,,,,,,,,,,,,,,6
270,B15,PW,LTPW - 113A,5A,1,1,1,1,1,1,,,,,,,,,,,,,,,,,,,6
271,B15,PW,MTPW - 113A,3A,,,,,,,1,,,,,,,,,,,,,,,,,,1
272,B15,PW,MTPW - 113A,5A,,,,,,,1,,,,,,,,,,,,,,,,,,1
273,B15,PW,UTPW - 113A,3A,,,,,,,,1,1,1,1,1,1,1,1,1,1,1,1,1,1,1,,,15
274,B15,PW,UTPW - 113A,5A,,,,,,,,1,1,1,1,1,1,1,1,1,1,1,1,1,1,1,,,15
275,B15,PW,BTPW - 113A,3A,,,,,,,,,,,,,,,,,,,,,,,1,,1
276,B15,PW,BTPW - 113A,5A,,,,,,,,,,,,,,,,,,,,,,,1,,1
277,B15,PW,LTPW - 113B,3A,1,1,1,1,1,1,,,,,,,,,,,,,,,,,,,6
278,B15,PW,LTPW - 113B,5A,1,1,1,1,1,1,,,,,,,,,,,,,,,,,,,6
279,B15,PW,MTPW - 113B,3A,,,,,,,1,,,,,,,,,,,,,,,,,,1
280,B15,PW,MTPW - 113B,5A,,,,,,,1,,,,,,,,,,,,,,,,,,1
281,B15,PW,UTPW - 113B,3A,,,,,,,,1,1,1,1,1,1,1,1,1,1,1,1,1,1,1,,,15
282,B15,PW,UTPW - 113B,5A,,,,,,,,1,1,1,1,1,1,1,1,1,1,1,1,1,1,1,,,15
283,B15,PW,BTPW - 113B,3A,,,,,,,,,,,,,,,,,,,,,,,1,,1
284,B15,PW,BTPW - 113B,5A,,,,,,,,,,,,,,,,,,,,,,,1,,1
285,B15,PW,LTPW - 114,3A,,1,1,1,1,1,,,,,,,,,,,,,,,,,,,5
286,B15,PW,LTPW - 114,5A,,1,1,1,1,1,,,,,,,,,,,,,,,,,,,5
287,B15,PW,MTPW - 114,3A,,,,,,,1,,,,,,,,,,,,,,,,,,1
288,B15,PW,MTPW - 114,5A,,,,,,,1,,,,,,,,,,,,,,,,,,1
289,B15,PW,UTPW - 114,3A,,,,,,,,1,1,1,1,1,1,1,1,1,1,1,1,1,1,1,,,15
290,B15,PW,UTPW - 114,5A,,,,,,,,1,1,1,1,1,1,1,1,1,1,1,1,1,1,1,,,15
291,B15,PW,BTPW - 114,3A,,,,,,,,,,,,,,,,,,,,,,,1,,1
292,B15,PW,BTPW - 114,5A,,,,,,,,,,,,,,,,,,,,,,,1,,1
293,B15,PW,LTPW - 115,3A,1,1,1,1,1,1,,,,,,,,,,,,,,,,,,,6
294,B15,PW,MTPW - 115,3A,,,,,,,1,,,,,,,,,,,,,,,,,,1
295,B15,PW,UTPW - 115,3A,,,,,,,,1,1,1,1,1,1,1,1,1,1,1,1,1,1,1,,,15
296,B15,PW,BTPW - 115,3A,,,,,,,,,,,,,,,,,,,,,,,1,,1
297,B15,PW,LTPW - 116,3A,1,1,1,1,1,1,,,,,,,,,,,,,,,,,,,6
298,B15,PW,MTPW - 116,3A,,,,,,,1,,,,,,,,,,,,,,,,,,1
299,B15,PW,UTPW - 116,3A,,,,,,,,1,1,1,1,1,1,1,1,1,1,1,1,1,1,1,,,15
300,B15,PW,BTPW - 116,3A,,,,,,,,,,,,,,,,,,,,,,,1,,1
301,B15,PW,LTPW - 117,3A,1,1,1,1,1,1,,,,,,,,,,,,,,,,,,,6
302,B15,PW,LTPW - 117,5A,1,1,1,1,1,1,,,,,,,,,,,,,,,,,,,6
303,B15,PW,MTPW - 117,3A,,,,,,,1,,,,,,,,,,,,,,,,,,1
304,B15,PW,MTPW - 117,5A,,,,,,,1,,,,,,,,,,,,,,,,,,1
305,B15,PW,UTPW - 117,3A,,,,,,,,1,1,1,1,1,1,1,1,1,1,1,1,1,1,1,,,15
306,B15,PW,UTPW - 117,5A,,,,,,,,1,1,1,1,1,1,1,1,1,1,1,1,1,1,1,,,15
307,B15,PW,BTPW - 117,3A,,,,,,,,,,,,,,,,,,,,,,,1,,1
308,B15,PW,BTPW - 117,5A,,,,,,,,,,,,,,,,,,,,,,,1,,1
309,B15,PW,LTPW - 118,3A,1,1,1,1,1,1,,,,,,,,,,,,,,,,,,,6
310,B15,PW,MTPW - 118,3A,,,,,,,1,,,,,,,,,,,,,,,,,,1
311,B15,PW,UTPW - 118,3A,,,,,,,,1,1,1,1,1,1,1,1,1,1,1,1,1,1,1,,,15
312,B15,PW,BTPW - 118,3A,,,,,,,,,,,,,,,,,,,,,,,1,,1
313,B15,PW,LTPW - 119,3A,1,1,1,1,1,1,,,,,,,,,,,,,,,,,,,6
314,B15,PW,LTPW - 119,5A,1,1,1,1,1,1,,,,,,,,,,,,,,,,,,,6
315,B15,PW,MTPW - 119,3A,,,,,,,1,,,,,,,,,,,,,,,,,,1
316,B15,PW,MTPW - 119,5A,,,,,,,1,,,,,,,,,,,,,,,,,,1
317,B15,PW,UTPW - 119,3A,,,,,,,,1,1,1,1,1,1,1,1,1,1,1,1,1,1,1,,,15
318,B15,PW,UTPW - 119,5A,,,,,,,,1,1,1,1,1,1,1,1,1,1,1,1,1,1,1,,,15
319,B15,PW,BTPW - 119,3A,,,,,,,,,,,,,,,,,,,,,,,1,,1
320,B15,PW,BTPW - 119,5A,,,,,,,,,,,,,,,,,,,,,,,1,,1
321,B15,PW,PW - 120,3A,1,1,1,1,1,1,1,1,1,1,1,1,1,1,1,1,1,1,1,1,1,1,,,22
322,B15,PW,PW - 120,5A,1,1,1,1,1,1,1,1,1,1,1,1,1,1,1,1,1,1,1,1,1,1,,,22
323,B15,PW,BTPW - 120,3A,,,,,,,,,,,,,,,,,,,,,,,1,,1
324,B15,PW,BTPW - 120,5A,,,,,,,,,,,,,,,,,,,,,,,1,,1
325,B15,PW,PW - 121,3A,,1,1,1,1,1,1,1,1,1,1,1,1,1,1,1,1,1,1,1,1,1,,,21
326,B15,PW,PW - 121,5A,,1,1,1,1,1,1,1,1,1,1,1,1,1,1,1,1,1,1,1,1,1,,,21
327,B15,PW,BTPW - 121,3A,,,,,,,,,,,,,,,,,,,,,,,1,,1
328,B15,PW,BTPW - 121,5A,,,,,,,,,,,,,,,,,,,,,,,1,,1
329,B15,PW,PW - 122,3A,,1,1,1,1,1,1,1,1,1,1,1,1,1,1,1,1,1,1,1,1,1,,,21
330,B15,PW,PW - 122,5A,,1,1,1,1,1,1,1,1,1,1,1,1,1,1,1,1,1,1,1,1,1,,,21
331,B15,PW,BTPW - 122,3A,,,,,,,,,,,,,,,,,,,,,,,1,,1
332,B15,PW,BTPW - 122,5A,,,,,,,,,,,,,,,,,,,,,,,1,,1
333,B15,PW,PW - 123,5A,1,1,1,1,1,1,1,1,1,1,1,1,1,1,1,1,1,1,1,1,1,1,,,22
334,B15,PW,BTPW - 123,5A,,,,,,,,,,,,,,,,,,,,,,,1,,1
335,B15,PW,LTPW - 124,5A,1,1,1,1,1,1,,,,,,,,,,,,,,,,,,,6
336,B15,PW,MTPW - 124,5A,,,,,,,1,,,,,,,,,,,,,,,,,,1
337,B15,PW,UTPW - 124,5A,,,,,,,,1,1,1,1,1,1,1,1,1,1,1,1,1,1,1,,,15
338,B15,PW,BTPW - 124,5A,,,,,,,,,,,,,,,,,,,,,,,1,,1
339,B15,PW,LTPW - 125,5A,1,1,1,1,1,1,,,,,,,,,,,,,,,,,,,6
340,B15,PW,MTPW - 125,5A,,,,,,,1,,,,,,,,,,,,,,,,,,1
341,B15,PW,UTPW - 125,5A,,,,,,,,1,1,1,1,1,1,1,1,1,1,1,1,1,1,1,,,15
342,B15,PW,BTPW - 125,5A,,,,,,,,,,,,,,,,,,,,,,,1,,1
343,B15,PW,LTPW - 126,5A,1,1,1,1,1,1,,,,,,,,,,,,,,,,,,,6
344,B15,PW,MTPW - 126,5A,,,,,,,1,,,,,,,,,,,,,,,,,,1
345,B15,PW,UTPW - 126,5A,,,,,,,,1,1,1,1,1,1,1,1,1,1,1,1,1,1,1,,,15
346,B15,PW,BTPW - 126,5A,,,,,,,,,,,,,,,,,,,,,,,1,,1
347,B15,PW,FKP - 101,3A,3,,,,,,,,,,,,,,,,,,,,,,,,3
348,B15,PW,FKP - 101,4A,4,,,,,,,,,,,,,,,,,,,,,,,,4
349,B15,PW,FKP - 101,5A,1,,,,,,,,,,,,,,,,,,,,,,,,1
350,B15,PW,FKP - 101A,3A,1,,,,,,,,,,,,,,,,,,,,,,,,1
351,B15,PW,FKP - 101A,4A,1,,,,,,,,,,,,,,,,,,,,,,,,1
352,B15,PW,FKP - 101A,5A,1,,,,,,,,,,,,,,,,,,,,,,,,1
353,B15,KP,FKP - 101B,3A,3,,,,,,,,,,,,,,,,,,,,,,,,3
354,B15,KP,FKP - 101B,4A,1,,,,,,,,,,,,,,,,,,,,,,,,1
355,B15,KP,FKP - 101B,5A,3,,,,,,,,,,,,,,,,,,,,,,,,3
356,B15,KP,FKP - 102,3A,3,,,,,,,,,,,,,,,,,,,,,,,,3
357,B15,KP,FKP - 102,4A,4,,,,,,,,,,,,,,,,,,,,,,,,4
358,B15,KP,FKP - 102,5A,1,,,,,,,,,,,,,,,,,,,,,,,,1
359,B15,KP,FKP - 102A,3A,3,,,,,,,,,,,,,,,,,,,,,,,,3
360,B15,KP,FKP - 102A,4A,1,,,,,,,,,,,,,,,,,,,,,,,,1
361,B15,KP,FKP - 102A,5A,3,,,,,,,,,,,,,,,,,,,,,,,,3
362,B15,KP,FKP - 102B,3A,1,,,,,,,,,,,,,,,,,,,,,,,,1
363,B15,KP,FKP - 102B,4A,1,,,,,,,,,,,,,,,,,,,,,,,,1
364,B15,KP,FKP - 102B,5A,1,,,,,,,,,,,,,,,,,,,,,,,,1
365,B15,KP,LTKP - 101,3A,,7,7,7,7,7,,,,,,,,,,,,,,,,,,,35
366,B15,KP,LTKP - 101,5A,,5,5,5,5,5,,,,,,,,,,,,,,,,,,,25
367,B15,KP,LTKP - 102,3A,,7,7,7,7,7,,,,,,,,,,,,,,,,,,,35
368,B15,KP,LTKP - 102,5A,,5,5,5,5,5,,,,,,,,,,,,,,,,,,,25
369,B15,KP,LTKP - 103,4A,,6,6,6,6,6,,,,,,,,,,,,,,,,,,,30
370,B15,KP,LTKP - 104,4A,,6,6,6,6,6,,,,,,,,,,,,,,,,,,,30
371,B15,KP,MTKP - 101,3A,,,,,,,7,,,,,,,,,,,,,,,,,,7
372,B15,KP,MTKP - 101,5A,,,,,,,5,,,,,,,,,,,,,,,,,,5
373,B15,KP,MTKP - 102,3A,,,,,,,7,,,,,,,,,,,,,,,,,,7
374,B15,KP,MTKP - 102,5A,,,,,,,5,,,,,,,,,,,,,,,,,,5
375,B15,KP,MTKP - 103,4A,,,,,,,6,,,,,,,,,,,,,,,,,,6
376,B15,KP,MTKP - 104,4A,,,,,,,6,,,,,,,,,,,,,,,,,,6
377,B15,KP,RKP - 101,3A,,,,,,,,1,,,,1,,,,1,,,,1,,,,,4
378,B15,KP,RKP - 101,5A,,,,,,,,1,,,,1,,,,1,,,,1,,,,,4
379,B15,KP,UTKP - 101,3A,,,,,,,,6,7,7,7,6,7,7,7,6,7,7,7,6,7,7,,,101
380,B15,KP,UTKP - 101,5A,,,,,,,,4,5,5,5,4,5,5,5,4,5,5,5,4,5,5,,,71
381,B15,KP,RKP - 102,3A,,,,,,,,1,,,,1,,,,1,,,,1,,,,,4
382,B15,KP,RKP - 102,5A,,,,,,,,1,,,,1,,,,1,,,,1,,,,,4
383,B15,KP,UTKP - 102,3A,,,,,,,,6,7,7,7,6,7,7,7,6,7,7,7,6,7,7,,,101
384,B15,KP,UTKP - 102,5A,,,,,,,,4,5,5,5,4,5,5,5,4,5,5,5,4,5,5,,,71
385,B15,KP,UTKP - 101,4A,,,,,,,,6,6,6,6,6,6,6,6,6,6,6,6,6,6,6,,,90
386,B15,KP,UTKP - 102,4A,,,,,,,,6,6,6,6,6,6,6,6,6,6,6,6,6,6,6,,,90
387,B15,KP,BTKP - 101,3A,,,,,,,,,,,,,,,,,,,,,,,1,,1
388,B15,KP,BTKP - 101,4A,,,,,,,,,,,,,,,,,,,,,,,1,,1
389,B15,KP,BTKP - 101,5A,,,,,,,,,,,,,,,,,,,,,,,1,,1
390,B15,KP,BTKP - 101A,3A,,,,,,,,,,,,,,,,,,,,,,,2,,2
391,B15,KP,BTKP - 101A,4A,,,,,,,,,,,,,,,,,,,,,,,1,,1
392,B15,KP,BTKP - 101A,5A,,,,,,,,,,,,,,,,,,,,,,,2,,2
393,B15,KP,BTKP - 101B,3A,,,,,,,,,,,,,,,,,,,,,,,0,,0
394,B15,KP,BTKP - 101B,4A,,,,,,,,,,,,,,,,,,,,,,,1,,1
395,B15,KP,BTKP - 101B,5A,,,,,,,,,,,,,,,,,,,,,,,0,,0
396,B15,KP,BTKP - 101C,3A,,,,,,,,,,,,,,,,,,,,,,,3,,3
397,B15,KP,BTKP - 101C,4A,,,,,,,,,,,,,,,,,,,,,,,2,,2
398,B15,KP,BTKP - 101C,5A,,,,,,,,,,,,,,,,,,,,,,,1,,1
399,B15,KP,BTKP - 101D,3A,,,,,,,,,,,,,,,,,,,,,,,0,,0
400,B15,KP,BTKP - 101D,4A,,,,,,,,,,,,,,,,,,,,,,,1,,1
401,B15,KP,BTKP - 101D,5A,,,,,,,,,,,,,,,,,,,,,,,0,,0
402,B15,KP,BTKP - 101H,3A,,,,,,,,,,,,,,,,,,,,,,,1,,1
403,B15,KP,BTKP - 101H,4A,,,,,,,,,,,,,,,,,,,,,,,0,,0
404,B15,KP,BTKP - 101H,5A,,,,,,,,,,,,,,,,,,,,,,,1,,1
405,B15,KP,BTKP - 102,3A,,,,,,,,,,,,,,,,,,,,,,,3,,3
406,B15,KP,BTKP - 102,4A,,,,,,,,,,,,,,,,,,,,,,,2,,2
407,B15,KP,BTKP - 102,5A,,,,,,,,,,,,,,,,,,,,,,,1,,1
408,B15,KP,BTKP - 102A,3A,,,,,,,,,,,,,,,,,,,,,,,3,,3
409,B15,KP,BTKP - 102A,4A,,,,,,,,,,,,,,,,,,,,,,,1,,1
410,B15,KP,BTKP - 102A,5A,,,,,,,,,,,,,,,,,,,,,,,3,,3
411,B15,KP,BTKP - 102B,3A,,,,,,,,,,,,,,,,,,,,,,,0,,0
412,B15,KP,BTKP - 102B,4A,,,,,,,,,,,,,,,,,,,,,,,1,,1
413,B15,KP,BTKP - 102B,5A,,,,,,,,,,,,,,,,,,,,,,,0,,0
414,B15,KP,BTKP - 102E,3A,,,,,,,,,,,,,,,,,,,,,,,1,,1
415,B15,KP,BTKP - 102E,4A,,,,,,,,,,,,,,,,,,,,,,,1,,1
416,B15,KP,BTKP - 102E,5A,,,,,,,,,,,,,,,,,,,,,,,1,,1
417,B15,KP,BTKP - 102H,3A,,,,,,,,,,,,,,,,,,,,,,,0,,0
418,B15,KP,BTKP - 102H,4A,,,,,,,,,,,,,,,,,,,,,,,1,,1
419,B15,KP,BTKP - 102H,5A,,,,,,,,,,,,,,,,,,,,,,,0,,0
420,B15,KP,LP - 103,3A,1,1,1,1,1,1,1,1,1,1,1,1,1,1,1,1,1,1,1,1,1,1,,,22
421,B15,KP,LP - 103,5A,1,1,1,1,1,1,1,1,1,1,1,1,1,1,1,1,1,1,1,1,1,1,,,22
422,B15,KP,LP - 104,3A,1,1,1,1,1,1,1,1,1,1,1,1,1,1,1,1,1,1,1,1,1,1,,,22
423,B15,KP,LP - 104,5A,1,1,1,1,1,1,1,1,1,1,1,1,1,1,1,1,1,1,1,1,1,1,,,22
424,B15,KP,BTLP - 103,3A,,,,,,,,,,,,,,,,,,,,,,,1,,1
425,B15,KP,BTLP - 103,5A,,,,,,,,,,,,,,,,,,,,,,,1,,1
426,B15,LP,BTLP - 104,3A,,,,,,,,,,,,,,,,,,,,,,,1,,1
427,B15,LP,BTLP - 104,5A,,,,,,,,,,,,,,,,,,,,,,,1,,1
428,B15,LP,ST - 101,3A,2,2,2,2,2,2,2,2,2,2,2,2,2,2,2,2,2,2,2,2,2,2,1,,45
429,B15,LP,ST - 101,5A,2,2,2,2,2,2,2,2,2,2,2,2,2,2,2,2,2,2,2,2,2,2,1,,45
430,B15,LP,BTST - 101,3A,,,,,,,,,,,,,,,,,,,,,,,1,,1
431,B15,LP,BTST - 101,5A,,,,,,,,,,,,,,,,,,,,,,,1,,1
432,B15,LP,LAN - 103,3A,1,1,1,1,1,1,1,1,1,1,1,1,1,1,1,1,1,1,1,1,1,1,1,,23
433,B15,LP,LAN - 103,5A,1,1,1,1,1,1,1,1,1,1,1,1,1,1,1,1,1,1,1,1,1,1,1,,23
434,B15,ST,LAN - 104,3A,,1,1,1,1,1,1,1,1,1,1,1,1,1,1,1,1,1,1,1,1,1,1,,22
435,B15,ST,LAN - 104,5A,,1,1,1,1,1,1,1,1,1,1,1,1,1,1,1,1,1,1,1,1,1,1,,22
436,B15,ST,TRLAN - 104,3A,,,,,,,,,,,,,,,,,,,,,,,,1,1
437,B15,ST,TRLAN - 104,5A,,,,,,,,,,,,,,,,,,,,,,,,1,1
438,B15,LAN,LS - 101,3A,7,7,7,7,7,7,7,6,7,7,7,6,7,7,7,6,7,7,7,6,7,7,7,,157
439,B15,LAN,LS - 101,4A,6,6,6,6,6,6,6,6,6,6,6,6,6,6,6,6,6,6,6,6,6,6,6,,138
440,B15,LAN,LS - 101,5A,5,5,5,5,5,5,5,4,5,5,5,4,5,5,5,4,5,5,5,4,5,5,5,,111
441,B15,LAN,LS - 102,3A,7,7,7,7,7,7,7,6,7,7,7,6,7,7,7,6,7,7,7,6,7,7,7,,157
442,B15,LAN,LS - 102,4A,6,6,6,6,6,6,6,6,6,6,6,6,6,6,6,6,6,6,6,6,6,6,6,,138
443,B15,LAN,LS - 102,5A,5,5,5,5,5,5,5,4,5,5,5,4,5,5,5,4,5,5,5,4,5,5,5,,111
444,B15,LS,LS - 103,3A,7,7,7,7,7,7,7,6,7,7,7,6,7,7,7,6,7,7,7,6,7,7,7,,157
445,B15,LS,LS - 103,4A,6,6,6,6,6,6,6,6,6,6,6,6,6,6,6,6,6,6,6,6,6,6,6,,138
446,B15,LS,LS - 103,5A,5,5,5,5,5,5,5,4,5,5,5,4,5,5,5,4,5,5,5,4,5,5,5,,111
447,B15,LS,LS - 104,3A,7,7,7,7,7,7,7,6,7,7,7,6,7,7,7,6,7,7,7,6,7,7,7,,157
448,B15,LS,LS - 104,4A,6,6,6,6,6,6,6,6,6,6,6,6,6,6,6,6,6,6,6,6,6,6,6,,138
449,B15,LS,LS - 104,5A,5,5,5,5,5,5,5,4,5,5,5,4,5,5,5,4,5,5,5,4,5,5,5,,111
450,B15,LS,LS - 105,3A,7,7,7,7,7,7,7,6,7,7,7,6,7,7,7,6,7,7,7,6,7,7,7,,157
451,B15,LS,LS - 105,4A,6,6,6,6,6,6,6,6,6,6,6,6,6,6,6,6,6,6,6,6,6,6,6,,138
452,B15,LS,LS - 105,5A,5,5,5,5,5,5,5,4,5,5,5,4,5,5,5,4,5,5,5,4,5,5,5,,111
453,B15,LS,LS - 106,3A,7,7,7,7,7,7,7,6,7,7,7,6,7,7,7,6,7,7,7,6,7,7,7,,157
454,B15,LS,LS - 106,4A,6,6,6,6,6,6,6,6,6,6,6,6,6,6,6,6,6,6,6,6,6,6,6,,138
455,B15,LS,LS - 106,5A,5,5,5,5,5,5,5,4,5,5,5,4,5,5,5,4,5,5,5,4,5,5,5,,111
456,B15,LS,PPW - 101,3A,,,,,,,,,,,,,,,,,,,,,,,,1,1
457,B15,LS,PPW - 101,4A,,,,,,,,,,,,,,,,,,,,,,,,0,0
458,B15,LS,PPW - 101,5A,,,,,,,,,,,,,,,,,,,,,,,,1,1
459,B15,LS,PPW - 101B,3A,,,,,,,,,,,,,,,,,,,,,,,,0,0
460,B15,LS,PPW - 101B,4A,,,,,,,,,,,,,,,,,,,,,,,,1,1
461,B15,LS,PPW - 101B,5A,,,,,,,,,,,,,,,,,,,,,,,,0,0
462,B15,PPW,PPW - 101C,3A,,,,,,,,,,,,,,,,,,,,,,,,1,1
463,B15,PPW,PPW - 101C,4A,,,,,,,,,,,,,,,,,,,,,,,,0,0
464,B15,PPW,PPW - 101C,5A,,,,,,,,,,,,,,,,,,,,,,,,1,1
465,B15,PPW,PPW - 101D,3A,,,,,,,,,,,,,,,,,,,,,,,,0,0
466,B15,PPW,PPW - 101D,4A,,,,,,,,,,,,,,,,,,,,,,,,1,1
467,B15,PPW,PPW - 101D,5A,,,,,,,,,,,,,,,,,,,,,,,,0,0
468,B15,PPW,PPW - 102,3A,,,,,,,,,,,,,,,,,,,,,,,,2,2
469,B15,PPW,PPW - 102,4A,,,,,,,,,,,,,,,,,,,,,,,,2,2
470,B15,PPW,PPW - 102,5A,,,,,,,,,,,,,,,,,,,,,,,,2,2
471,B15,PPW,PPW - 103,3A,,,,,,,,,,,,,,,,,,,,,,,,4,4
472,B15,PPW,PPW - 103,4A,,,,,,,,,,,,,,,,,,,,,,,,2,2
473,B15,PPW,PPW - 103,5A,,,,,,,,,,,,,,,,,,,,,,,,4,4
474,B15,PPW,PPW - 103A,3A,,,,,,,,,,,,,,,,,,,,,,,,4,4
475,B15,PPW,PPW - 103A,4A,,,,,,,,,,,,,,,,,,,,,,,,0,0
476,B15,PPW,PPW - 103A,5A,,,,,,,,,,,,,,,,,,,,,,,,4,4
477,B15,PPW,PPW - 104,3A,,,,,,,,,,,,,,,,,,,,,,,,4,4
478,B15,PPW,PPW - 104,4A,,,,,,,,,,,,,,,,,,,,,,,,5,5
479,B15,PPW,PPW - 104,5A,,,,,,,,,,,,,,,,,,,,,,,,2,2
480,B15,PPW,PPW - 105,3A,,,,,,,,,,,,,,,,,,,,,,,,6,6
481,B15,PPW,PPW - 105,4A,,,,,,,,,,,,,,,,,,,,,,,,8,8
482,B15,PPW,PPW - 105,5A,,,,,,,,,,,,,,,,,,,,,,,,2,2
483,B15,PPW,PPW - 106,3A,,,,,,,,,,,,,,,,,,,,,,,,6,6
484,B15,PPW,PPW - 106,4A,,,,,,,,,,,,,,,,,,,,,,,,5,5
485,B15,PPW,PPW - 106,5A,,,,,,,,,,,,,,,,,,,,,,,,4,4
486,B15,PPW,PPW - 107,3A,,,,,,,,,,,,,,,,,,,,,,,,6,6
487,B15,PPW,PPW - 107,4A,,,,,,,,,,,,,,,,,,,,,,,,2,2
488,B15,PPW,PPW - 107,5A,,,,,,,,,,,,,,,,,,,,,,,,6,6
489,B15,PPW,PPW - 111,3A,,,,,,,,,,,,,,,,,,,,,,,,1,1
490,B15,PPW,PPW - 111,4A,,,,,,,,,,,,,,,,,,,,,,,,0,0
491,B15,PPW,PPW - 111,5A,,,,,,,,,,,,,,,,,,,,,,,,1,1
492,B15,PPW,PPW - 111A,3A,,,,,,,,,,,,,,,,,,,,,,,,1,1
493,B15,PPW,PPW - 111A,4A,,,,,,,,,,,,,,,,,,,,,,,,0,0
494,B15,PPW,PPW - 111A,5A,,,,,,,,,,,,,,,,,,,,,,,,1,1
495,B15,PPW,PPW - 111B,3A,,,,,,,,,,,,,,,,,,,,,,,,0,0
496,B15,PPW,PPW - 111B,4A,,,,,,,,,,,,,,,,,,,,,,,,1,1
497,B15,PPW,PPW - 111B,5A,,,,,,,,,,,,,,,,,,,,,,,,0,0
498,B15,PPW,PPW - 111D,3A,,,,,,,,,,,,,,,,,,,,,,,,0,0
499,B15,PPW,PPW - 111D,4A,,,,,,,,,,,,,,,,,,,,,,,,1,1
500,B15,PPW,PPW - 111D,5A,,,,,,,,,,,,,,,,,,,,,,,,0,0
501,B15,PPW,PPW - 112,3A,,,,,,,,,,,,,,,,,,,,,,,,0,0
502,B15,PPW,PPW - 112,4A,,,,,,,,,,,,,,,,,,,,,,,,2,2
503,B15,PPW,PPW - 112,5A,,,,,,,,,,,,,,,,,,,,,,,,0,0
504,B15,PPW,PPW - 118,3A,,,,,,,,,,,,,,,,,,,,,,,,0,0
505,B15,PPW,PPW - 118,4A,,,,,,,,,,,,,,,,,,,,,,,,0,0
506,B15,PPW,PPW - 118,5A,,,,,,,,,,,,,,,,,,,,,,,,2,2
507,B15,PPW,PPW - 118A,3A,,,,,,,,,,,,,,,,,,,,,,,,0,0
508,B15,PPW,PPW - 118A,4A,,,,,,,,,,,,,,,,,,,,,,,,0,0
509,B15,PPW,PPW - 118A,5A,,,,,,,,,,,,,,,,,,,,,,,,2,2
510,B15,PPW,PPW - 119,3A,,,,,,,,,,,,,,,,,,,,,,,,0,0
511,B15,PPW,PPW - 119,4A,,,,,,,,,,,,,,,,,,,,,,,,0,0
512,B15,PPW,PPW - 119,5A,,,,,,,,,,,,,,,,,,,,,,,,2,2
513,B15,PPW,PPW - 120,3A,,,,,,,,,,,,,,,,,,,,,,,,0,0
514,B15,PPW,PPW - 120,4A,,,,,,,,,,,,,,,,,,,,,,,,0,0
515,B15,PPW,PPW - 120,5A,,,,,,,,,,,,,,,,,,,,,,,,2,2
516,B15,PPW,PPW - 120A,3A,,,,,,,,,,,,,,,,,,,,,,,,4,4
517,B15,PPW,PPW - 120A,4A,,,,,,,,,,,,,,,,,,,,,,,,4,4
518,B15,PPW,PPW - 120A,5A,,,,,,,,,,,,,,,,,,,,,,,,0,0
519,B15,PPW,PPW - 120B,3A,,,,,,,,,,,,,,,,,,,,,,,,3,3
520,B15,PPW,PPW - 120B,4A,,,,,,,,,,,,,,,,,,,,,,,,1,1
521,B15,PPW,PPW - 120B,5A,,,,,,,,,,,,,,,,,,,,,,,,3,3
522,B15,PPW,PPW - 121,3A,,,,,,,,,,,,,,,,,,,,,,,,0,0
523,B15,PPW,PPW - 121,4A,,,,,,,,,,,,,,,,,,,,,,,,0,0
524,B15,PPW,PPW - 121,5A,,,,,,,,,,,,,,,,,,,,,,,,2,2
525,B15,PPW,PPW - 121A,3A,,,,,,,,,,,,,,,,,,,,,,,,4,4
526,B15,PPW,PPW - 121A,4A,,,,,,,,,,,,,,,,,,,,,,,,3,3
527,B15,PPW,PPW - 121A,5A,,,,,,,,,,,,,,,,,,,,,,,,0,0
528,B15,PPW,PPW - 121B,3A,,,,,,,,,,,,,,,,,,,,,,,,3,3
529,B15,PPW,PPW - 121B,4A,,,,,,,,,,,,,,,,,,,,,,,,1,1
530,B15,PPW,PPW - 121B,5A,,,,,,,,,,,,,,,,,,,,,,,,3,3
531,B15,PPW,PPW - 122,3A,,,,,,,,,,,,,,,,,,,,,,,,0,0
532,B15,PPW,PPW - 122,4A,,,,,,,,,,,,,,,,,,,,,,,,1,1
533,B15,PPW,PPW - 122,5A,,,,,,,,,,,,,,,,,,,,,,,,0,0
534,B15,PPW,PPW - 122A,3A,,,,,,,,,,,,,,,,,,,,,,,,0,0
535,B15,PPW,PPW - 122A,4A,,,,,,,,,,,,,,,,,,,,,,,,2,2
536,B15,PPW,PPW - 122A,5A,,,,,,,,,,,,,,,,,,,,,,,,0,0
537,B15,PPW,PPW - 123A,3A,,,,,,,,,,,,,,,,,,,,,,,,0,0
538,B15,PPW,PPW - 123A,4A,,,,,,,,,,,,,,,,,,,,,,,,0,0
539,B15,PPW,PPW - 123A,5A,,,,,,,,,,,,,,,,,,,,,,,,0,0
540,B15,PPW,PPW - 127,3A,,,,,,,,,,,,,,,,,,,,,,,,1,1
541,B15,PPW,PPW - 127,4A,,,,,,,,,,,,,,,,,,,,,,,,0,0
542,B15,PPW,PPW - 127,5A,,,,,,,,,,,,,,,,,,,,,,,,1,1
543,B15,PPW,PPW - 129,3A,,,,,,,,,,,,,,,,,,,,,,,,1,1
544,B15,PPW,PPW - 129,4A,,,,,,,,,,,,,,,,,,,,,,,,0,0
545,B15,PPW,PPW - 129,5A,,,,,,,,,,,,,,,,,,,,,,,,1,1
546,B15,PPW,PPW - 131B,3A,,,,,,,,,,,,,,,,,,,,,,,,1,1
547,B15,PPW,PPW - 131B,4A,,,,,,,,,,,,,,,,,,,,,,,,0,0
548,B15,PPW,PPW - 131B,5A,,,,,,,,,,,,,,,,,,,,,,,,0,0
549,B15,PPW,PPW - 131C,3A,,,,,,,,,,,,,,,,,,,,,,,,1,1
550,B15,PPW,PPW - 131C,4A,,,,,,,,,,,,,,,,,,,,,,,,0,0
551,B15,PPW,PPW - 131C,5A,,,,,,,,,,,,,,,,,,,,,,,,0,0
552,B15,PPW,PPW - 132B,3A,,,,,,,,,,,,,,,,,,,,,,,,1,1
553,B15,PPW,PPW - 132B,4A,,,,,,,,,,,,,,,,,,,,,,,,0,0
554,B15,PPW,PPW - 132B,5A,,,,,,,,,,,,,,,,,,,,,,,,0,0
555,B15,PPW,PPW - 132C,3A,,,,,,,,,,,,,,,,,,,,,,,,1,1
556,B15,PPW,PPW - 132C,4A,,,,,,,,,,,,,,,,,,,,,,,,0,0
557,B15,PPW,PPW - 132C,5A,,,,,,,,,,,,,,,,,,,,,,,,0,0
558,B15,PPW,PPW - 133B,3A,,,,,,,,,,,,,,,,,,,,,,,,1,1
559,B15,PPW,PPW - 133B,4A,,,,,,,,,,,,,,,,,,,,,,,,0,0
560,B15,PPW,PPW - 133B,5A,,,,,,,,,,,,,,,,,,,,,,,,0,0
561,B15,PPW,PPW - 133C,3A,,,,,,,,,,,,,,,,,,,,,,,,1,1
562,B15,PPW,PPW - 133C,4A,,,,,,,,,,,,,,,,,,,,,,,,0,0
563,B15,PPW,PPW - 133C,5A,,,,,,,,,,,,,,,,,,,,,,,,0,0
564,B15,PPW,PPW - 134,3A,,,,,,,,,,,,,,,,,,,,,,,,0,0
565,B15,PPW,PPW - 134,4A,,,,,,,,,,,,,,,,,,,,,,,,1,1
566,B15,PPW,PPW - 134,5A,,,,,,,,,,,,,,,,,,,,,,,,0,0
567,B15,PPW,PPW - 134A,3A,,,,,,,,,,,,,,,,,,,,,,,,0,0
568,B15,PPW,PPW - 134A,4A,,,,,,,,,,,,,,,,,,,,,,,,1,1
569,B15,PPW,PPW - 134A,5A,,,,,,,,,,,,,,,,,,,,,,,,0,0
570,B15,PPW,PPW - 134B,3A,,,,,,,,,,,,,,,,,,,,,,,,0,0
571,B15,PPW,PPW - 134B,4A,,,,,,,,,,,,,,,,,,,,,,,,1,1
572,B15,PPW,PPW - 134B,5A,,,,,,,,,,,,,,,,,,,,,,,,0,0
573,B15,PPW,PPW - 134C,3A,,,,,,,,,,,,,,,,,,,,,,,,0,0
574,B15,PPW,PPW - 134C,4A,,,,,,,,,,,,,,,,,,,,,,,,1,1
575,B15,PPW,PPW - 134C,5A,,,,,,,,,,,,,,,,,,,,,,,,0,0
576,B15,PPW,PPW - 135,3A,,,,,,,,,,,,,,,,,,,,,,,,0,0
577,B15,PPW,PPW - 135,4A,,,,,,,,,,,,,,,,,,,,,,,,1,1
578,B15,PPW,PPW - 135,5A,,,,,,,,,,,,,,,,,,,,,,,,0,0
579,B15,PPW,PPW - 135A,3A,,,,,,,,,,,,,,,,,,,,,,,,0,0
580,B15,PPW,PPW - 135A,4A,,,,,,,,,,,,,,,,,,,,,,,,1,1
581,B15,PPW,PPW - 135A,5A,,,,,,,,,,,,,,,,,,,,,,,,0,0
582,B15,PPW,PPW - 135B,3A,,,,,,,,,,,,,,,,,,,,,,,,0,0
583,B15,PPW,PPW - 135B,4A,,,,,,,,,,,,,,,,,,,,,,,,1,1
584,B15,PPW,PPW - 135B,5A,,,,,,,,,,,,,,,,,,,,,,,,0,0
585,B15,PPW,PPW - 135C,3A,,,,,,,,,,,,,,,,,,,,,,,,0,0
586,B15,PPW,PPW - 135C,4A,,,,,,,,,,,,,,,,,,,,,,,,1,1
587,B15,PPW,PPW - 135C,5A,,,,,,,,,,,,,,,,,,,,,,,,0,0
588,B15,PPW,PPW - 137,3A,,,,,,,,,,,,,,,,,,,,,,,,1,1
589,B15,PPW,PPW - 137,4A,,,,,,,,,,,,,,,,,,,,,,,,0,0
590,B15,PPW,PPW - 137,5A,,,,,,,,,,,,,,,,,,,,,,,,1,1
591,B15,PPW,PPW - 140,3A,,,,,,,,,,,,,,,,,,,,,,,,2,2
592,B15,PPW,PPW - 140,4A,,,,,,,,,,,,,,,,,,,,,,,,0,0
593,B15,PPW,PPW - 140,5A,,,,,,,,,,,,,,,,,,,,,,,,0,0
594,B15,PPW,PPW - 140A,3A,,,,,,,,,,,,,,,,,,,,,,,,2,2
595,B15,PPW,PPW - 140A,4A,,,,,,,,,,,,,,,,,,,,,,,,0,0
596,B15,PPW,PPW - 140A,5A,,,,,,,,,,,,,,,,,,,,,,,,0,0
597,B15,PPW,PPW - 141,3A,,,,,,,,,,,,,,,,,,,,,,,,1,1
598,B15,PPW,PPW - 141,4A,,,,,,,,,,,,,,,,,,,,,,,,0,0
599,B15,PPW,PPW - 141,5A,,,,,,,,,,,,,,,,,,,,,,,,1,1
600,B15,PPW,PPW - 141A,3A,,,,,,,,,,,,,,,,,,,,,,,,1,1
601,B15,PPW,PPW - 141A,4A,,,,,,,,,,,,,,,,,,,,,,,,0,0
602,B15,PPW,PPW - 141A,5A,,,,,,,,,,,,,,,,,,,,,,,,1,1
603,B15,PPW,HCS - 101,3A,,12,12,12,12,12,12,12,12,12,12,12,12,12,12,12,12,12,12,12,12,12,12,12,276
604,B15,PPW,HCS - 101,4A,,12,12,12,12,12,12,12,12,12,12,12,12,12,12,12,12,12,12,12,12,12,12,12,276
605,B15,PPW,HCS - 101,5A,,6,6,6,6,6,6,6,6,6,6,6,6,6,6,6,6,6,6,6,6,6,6,6,138
606,B15,PPW,HCS - 101M,3A,,0,0,0,0,0,0,0,0,0,0,0,0,0,0,0,0,0,0,0,0,0,0,0,0
607,B15,PPW,HCS - 101M,4A,,0,0,0,0,0,0,0,0,0,0,0,0,0,0,0,0,0,0,0,0,0,0,0,0
608,B15,PPW,HCS - 101M,5A,,2,2,2,2,2,2,2,2,2,2,2,2,2,2,2,2,2,2,2,2,2,2,2,46
609,B15,HCS,HCS - 101N,3A,,4,4,4,4,4,4,4,4,4,4,4,4,4,4,4,4,4,4,4,4,4,4,4,92
610,B15,HCS,HCS - 101N,4A,,0,0,0,0,0,0,0,0,0,0,0,0,0,0,0,0,0,0,0,0,0,0,0,0
611,B15,HCS,HCS - 101N,5A,,4,4,4,4,4,4,4,4,4,4,4,4,4,4,4,4,4,4,4,4,4,4,4,92
612,B15,HCS,HCS - 101L,3A,,2,2,2,2,2,2,2,2,2,2,2,2,2,2,2,2,2,2,2,2,2,2,2,46
613,B15,HCS,HCS - 101L,4A,,0,0,0,0,0,0,0,0,0,0,0,0,0,0,0,0,0,0,0,0,0,0,0,0
614,B15,HCS,HCS - 101L,5A,,2,2,2,2,2,2,2,2,2,2,2,2,2,2,2,2,2,2,2,2,2,2,2,46
615,B15,HCS,HCS - 101Q,3A,,2,2,2,2,2,2,2,2,2,2,2,2,2,2,2,2,2,2,2,2,2,2,2,46
616,B15,HCS,HCS - 101Q,4A,,0,0,0,0,0,0,0,0,0,0,0,0,0,0,0,0,0,0,0,0,0,0,0,0
617,B15,HCS,HCS - 101Q,5A,,2,2,2,2,2,2,2,2,2,2,2,2,2,2,2,2,2,2,2,2,2,2,2,46
618,B15,HCS,HCS - 102,3A,,12,12,12,12,12,12,12,12,12,12,12,12,12,12,12,12,12,12,12,12,12,12,12,276
619,B15,HCS,HCS - 102,4A,,12,12,12,12,12,12,12,12,12,12,12,12,12,12,12,12,12,12,12,12,12,12,12,276
620,B15,HCS,HCS - 102,5A,,6,6,6,6,6,6,6,6,6,6,6,6,6,6,6,6,6,6,6,6,6,6,6,138
621,B15,HCS,HCS - 102A,3A,,6,6,6,6,6,6,6,6,6,6,6,6,6,6,6,6,6,6,6,6,6,6,6,138
622,B15,HCS,HCS - 102A,4A,,6,6,6,6,6,6,6,6,6,6,6,6,6,6,6,6,6,6,6,6,6,6,6,138
623,B15,HCS,HCS - 102A,5A,,4,4,4,4,4,4,4,4,4,4,4,4,4,4,4,4,4,4,4,4,4,4,4,92
624,B15,HCS,HCS - 102G,3A,,0,0,0,0,0,0,0,0,0,0,0,0,0,0,0,0,0,0,0,0,0,0,0,0
625,B15,HCS,HCS - 102G,4A,,0,0,0,0,0,0,0,0,0,0,0,0,0,0,0,0,0,0,0,0,0,0,0,0
626,B15,HCS,HCS - 102G,5A,,2,2,2,2,2,2,2,2,2,2,2,2,2,2,2,2,2,2,2,2,2,2,2,46
627,B15,HCS,HCS - 102L,3A,,1,1,1,1,1,1,1,1,1,1,1,1,1,1,1,1,1,1,1,1,1,1,1,23
628,B15,HCS,HCS - 102L,4A,,0,0,0,0,0,0,0,0,0,0,0,0,0,0,0,0,0,0,0,0,0,0,0,0
629,B15,HCS,HCS - 102L,5A,,1,1,1,1,1,1,1,1,1,1,1,1,1,1,1,1,1,1,1,1,1,1,1,23
630,B15,HCS,HCS - 102M,3A,,1,1,1,1,1,1,1,1,1,1,1,1,1,1,1,1,1,1,1,1,1,1,1,23
631,B15,HCS,HCS - 102M,4A,,0,0,0,0,0,0,0,0,0,0,0,0,0,0,0,0,0,0,0,0,0,0,0,0
632,B15,HCS,HCS - 102M,5A,,1,1,1,1,1,1,1,1,1,1,1,1,1,1,1,1,1,1,1,1,1,1,1,23
633,B15,HCS,HCS - 103E,3A,,2,2,2,2,2,2,2,2,2,2,2,2,2,2,2,2,2,2,2,2,2,2,2,46
634,B15,HCS,HCS - 103E,4A,,0,0,0,0,0,0,0,0,0,0,0,0,0,0,0,0,0,0,0,0,0,0,0,0
635,B15,HCS,HCS - 103E,5A,,2,2,2,2,2,2,2,2,2,2,2,2,2,2,2,2,2,2,2,2,2,2,2,46
636,B15,HCS,HCS - 103F,3A,,1,1,1,1,1,1,1,1,1,1,1,1,1,1,1,1,1,1,1,1,1,1,1,23
637,B15,HCS,HCS - 103F,4A,,0,0,0,0,0,0,0,0,0,0,0,0,0,0,0,0,0,0,0,0,0,0,0,0
638,B15,HCS,HCS - 103F,5A,,1,1,1,1,1,1,1,1,1,1,1,1,1,1,1,1,1,1,1,1,1,1,1,23
639,B15,HCS,HCS - 103J,3A,,1,1,1,1,1,1,1,1,1,1,1,1,1,1,1,1,1,1,1,1,1,1,1,23
640,B15,HCS,HCS - 103J,4A,,0,0,0,0,0,0,0,0,0,0,0,0,0,0,0,0,0,0,0,0,0,0,0,0
641,B15,HCS,HCS - 103J,5A,,1,1,1,1,1,1,1,1,1,1,1,1,1,1,1,1,1,1,1,1,1,1,1,23
642,B15,HCS,HCS - 104,3A,,12,12,12,12,12,12,12,12,12,12,12,12,12,12,12,12,12,12,12,12,12,12,12,276
643,B15,HCS,HCS - 104,4A,,12,12,12,12,12,12,12,12,12,12,12,12,12,12,12,12,12,12,12,12,12,12,12,276
644,B15,HCS,HCS - 104,5A,,8,8,8,8,8,8,8,8,8,8,8,8,8,8,8,8,8,8,8,8,8,8,8,184
